word,mean,std,n
ability,5.1,1.96920739836559,20
abundance,2.7,1.8885620632287057,20
accident,3.5,2.0138409955990952,20
accomplishment,4.2,2.5298221281347035,20
accumulation,3.2,2.2997584414213783,20
acquisition,3.4,2.3664319132398464,20
acre,1.3,0.6749485577105531,20
addition,2.0,1.699673171197595,20
admiration,4.1,2.2335820757001272,20
advantage,2.9,1.9692073983655907,20
adventurer,4.5,2.2213082915965963,20
adversity,2.3,1.888562063228706,20
advice,3.7,2.496664441476534,20
affection,6.1,1.449137674618943,20
alley,1.4,0.9660917830792958,20
alligator,1.2,0.42163702135578385,20
ally,2.8,2.1499353995462798,20
alphabet,1.8,1.2292725943057183,20
ambition,4.3,2.359378449224852,20
ambulance,1.4,0.5163977794943221,20
amount,1.6,0.9660917830792958,20
amplitude,1.9,1.728840330651992,20
anger,4.7,2.263232692902394,20
animal,2.2,1.9321835661585918,20
ankle,3.1,2.4244128727957577,20
announcement,2.5,1.509230856356236,20
annoyance,3.5,2.173067468400883,20
anxiety,5.2,1.4757295747452446,20
apology,3.2,1.9888578520235063,20
appeal,3.2,2.2997584414213783,20
apple,1.8,1.5491933384829668,20
appointment,1.9,0.9944289260117531,20
arc,2.6,2.118699810942761,20
arrangement,3.8,2.043961295567452,20
arrow,2.6,2.270584848790187,20
art,3.9,1.7288403306519922,20
article,1.6,0.9660917830792958,20
artist,3.6,2.118699810942761,20
aspect,3.0,2.160246899469287,20
assault,2.8,2.8982753492378874,20
assistance,4.8,2.2010098692292237,20
assumption,3.1,2.2335820757001272,20
atom,1.5,0.97182531580755,20
atrocity,1.1,0.316227766016838,20
attempt,4.3,1.8287822299126935,20
attention,4.1,2.601281735350223,20
attitude,5.0,2.0548046676563256,20
autumn,2.6,2.270584848790187,20
availability,3.1,2.024845673131659,20
awareness,4.8,2.250925735484551,20
baby,1.8,1.5491933384829668,20
bag,2.2,1.5491933384829668,20
ball,1.7,1.2516655570345725,20
ballot,1.6,1.0749676997731399,20
banana,1.7,1.5670212364724212,20
band,2.3,1.766981104093143,20
bandit,1.9,1.4491376746189437,20
bank,2.3,2.263232692902394,20
beast,1.3,0.4830458915396481,20
beauty,3.0,1.8257418583505538,20
beaver,1.5,0.97182531580755,20
bed,2.3,1.8287822299126937,20
bedroom,1.7,1.3374935098492586,20
beetle,1.4,0.6992058987801009,20
behavior,5.4,1.1737877907772662,20
belief,4.1,2.766867462592951,20
bell,2.1,1.5951314818673865,20
benefactor,2.0,1.699673171197595,20
bet,1.6,0.8432740427115677,20
betrayal,2.3,1.5670212364724212,20
beverage,2.0,1.4907119849998598,20
bird,2.1,1.8529256146249728,20
blade,2.2,1.5491933384829668,20
blood,2.3,1.8287822299126937,20
boat,1.9,1.66332999331662,20
body,4.0,2.3570226039551585,20
bolt,2.0,2.0,20
border,1.4,0.6992058987801009,20
boredom,3.1,2.1832697191750423,20
bottle,1.8,1.3984117975602022,20
boulder,1.6,1.0749676997731399,20
boundary,1.7,1.5670212364724212,20
boy,1.8,1.0327955589886446,20
bracelet,2.3,1.7029386365926402,20
brain,4.0,2.211083193570267,20
branch,2.5,1.8408935028645435,20
brawl,3.0,2.6246692913372702,20
brevity,2.2,1.8135294011647258,20
bridge,2.1,2.1317702607092643,20
brother,3.1,1.9119507199599983,20
brute,1.6,1.577621275493231,20
bubble,2.4,1.837873166945363,20
bullet,2.2,1.5491933384829668,20
burner,1.4,0.6992058987801009,20
butter,1.6,1.3498971154211057,20
butterfly,2.0,1.3333333333333333,20
cake,2.4,2.2211108331943574,20
calculation,2.7,2.0027758514399734,20
calendar,2.1,1.8529256146249728,20
camera,2.7,2.359378449224852,20
candidate,2.4,1.9550504398153572,20
candy,2.1,1.66332999331662,20
capacity,2.8,2.394437999475729,20
car,2.7,2.0575065816014617,20
cat,1.3,0.6749485577105531,20
category,1.9,1.728840330651992,20
caterpillar,1.7,1.2516655570345725,20
cause,5.7,0.6749485577105547,20
ceiling,1.3,0.6749485577105531,20
ceremony,1.6,1.0749676997731399,20
chair,1.8,1.4757295747452437,20
chance,2.9,1.6633299933166201,20
character,3.0,2.8284271247461903,20
charity,1.9,1.3703203194062976,20
charter,1.3,0.4830458915396481,20
chicken,1.5,0.97182531580755,20
chief,1.3,0.4830458915396481,20
child,1.8,1.2292725943057183,20
chipmunk,1.3,0.4830458915396481,20
chlorine,1.5,0.97182531580755,20
chocolate,2.9,2.1832697191750423,20
christmas,2.8,2.2010098692292237,20
church,2.1,2.0789954839350235,20
circuit,1.5,0.97182531580755,20
circumstance,2.4,1.8973665961010275,20
city,2.1,1.66332999331662,20
claim,2.9,2.1832697191750423,20
clean,4.3,2.7100635498903793,20
clearance,2.5,1.8408935028645435,20
cliff,1.7,1.2516655570345725,20
cloth,1.5,0.97182531580755,20
clothing,2.5,2.223610677354389,20
cocktail,1.9,1.66332999331662,20
coffee,2.8,2.250925735484551,20
coffin,1.8,1.8737959096740262,20
cognition,3.7,2.263232692902394,20
coincidence,3.2,2.440400695696417,20
combination,2.6,2.0655911179772892,20
comparison,3.8,2.3475755815545343,20
competence,5.4,2.4129281427805136,20
complication,2.4,1.776388345929897,20
composer,2.1,1.66332999331662,20
comprehension,4.7,2.4517567397911053,20
conclusion,3.4,2.118699810942761,20
conference,1.8,1.0327955589886446,20
confidence,5.2,1.6865480854231363,20
conscience,4.1,2.6436506745197805,20
consequence,3.0,2.449489742783178,20
consideration,4.5,2.5055493963954847,20
consistency,4.2,2.2997584414213783,20
construction,2.1,1.8529256146249728,20
contempt,2.3,2.057506581601462,20
context,3.0,1.9436506316151,20
contract,2.0,1.247219128924647,20
convergence,3.3,2.359378449224852,20
core,2.7,1.946506842754191,20
corn,1.7,1.5670212364724212,20
corporation,1.7,1.0593499054713804,20
corpse,1.8,1.3165611772087666,20
correspondent,2.9,1.6633299933166201,20
costume,2.0,1.5634719199411433,20
cottage,1.9,1.4491376746189437,20
coupon,2.2,1.3165611772087666,20
cow,1.2,0.42163702135578385,20
cowardice,2.6,2.270584848790187,20
cranberry,1.6,1.2649110640673518,20
crime,1.7,1.5670212364724212,20
crisis,2.7,1.8287822299126935,20
criticism,3.5,2.0138409955990952,20
crocodile,1.2,0.42163702135578385,20
crown,1.9,1.5951314818673865,20
cucumber,1.4,0.6992058987801009,20
cup,2.0,1.4907119849998598,20
curfew,1.6,0.9660917830792958,20
dad,2.3,2.263232692902394,20
dagger,1.8,1.6193277068654826,20
damage,2.7,2.1108186931983415,20
danger,3.3,2.496664441476534,20
darkness,2.2,2.0976176963403033,20
debt,1.8,1.4757295747452437,20
deceit,2.8,1.9888578520235063,20
decision,5.0,1.8257418583505538,20
deduction,3.1,2.378141197564929,20
definition,3.2,2.394437999475729,20
degree,2.0,1.699673171197595,20
democracy,1.2,0.42163702135578385,20
denial,2.1,1.8529256146249728,20
dentist,1.6,1.2649110640673518,20
deputy,1.5,0.97182531580755,20
description,2.9,2.282785822435191,20
design,2.4,1.7126976771553504,20
desk,1.6,1.3498971154211057,20
despair,3.3,2.1628170930011112,20
destiny,2.8,2.2997584414213783,20
determination,4.8,2.3475755815545343,20
development,3.7,2.584139659108574,20
diamond,1.3,0.4830458915396481,20
diet,3.4,2.0655911179772892,20
difference,3.2,2.3475755815545343,20
dilemma,3.5,1.9578900207451218,20
dimension,2.3,2.3118054512532935,20
disagreement,3.2,1.9888578520235063,20
disappointment,3.2,1.9888578520235063,20
disaster,2.9,2.4698178070456938,20
disgust,2.1,1.66332999331662,20
distance,2.6,2.118699810942761,20
distraction,2.9,2.0789954839350235,20
distribution,3.1,1.9692073983655907,20
ditch,1.3,0.4830458915396481,20
diversity,3.8,2.2010098692292237,20
division,2.6,1.9550504398153574,20
doctor,1.7,1.3374935098492586,20
donor,2.3,1.9465068427541912,20
door,2.3,1.7029386365926402,20
dove,1.4,0.9660917830792958,20
dozen,1.2,0.42163702135578385,20
drama,2.9,2.1317702607092643,20
drug,1.8,1.0327955589886446,20
drum,2.6,2.270584848790187,20
duck,2.8,2.2997584414213783,20
duel,3.4,2.3664319132398464,20
duration,2.6,2.0655911179772892,20
duty,2.8,2.250925735484551,20
dynasty,1.5,0.7071067811865476,20
eagle,1.5,1.2692955176439846,20
economy,2.3,2.057506581601462,20
edge,2.5,2.0138409955990952,20
effect,2.5,2.273030282830976,20
effort,5.5,1.8408935028645435,20
eight,1.4,0.6992058987801009,20
electricity,2.5,1.8408935028645435,20
elephant,1.5,0.97182531580755,20
emergence,4.6,1.1737877907772676,20
empire,1.4,0.6992058987801009,20
empty,1.8,1.2292725943057183,20
enemy,1.2,0.42163702135578385,20
engagement,1.8,1.2292725943057183,20
entrance,2.1,1.9692073983655907,20
entree,1.7,0.9486832980505139,20
envy,2.8,2.2997584414213783,20
episode,2.1,1.66332999331662,20
equality,3.3,2.6267851073127395,20
error,2.0,1.699673171197595,20
escape,3.7,2.2135943621178655,20
establishment,3.2,2.097617696340303,20
event,3.0,2.160246899469287,20
evidence,2.3,2.0027758514399734,20
example,2.5,2.1213203435596424,20
exception,3.3,2.0027758514399734,20
exclusion,2.5,1.8408935028645435,20
explanation,4.9,1.9692073983655907,20
expression,4.9,2.330951164939612,20
extent,2.0,1.699673171197595,20
eyeball,3.5,2.3687784005919825,20
fabric,1.9,1.4491376746189437,20
fact,2.9,2.282785822435191,20
factory,1.1,0.316227766016838,20
faith,3.9,2.4698178070456938,20
fallacy,2.1,1.4491376746189437,20
fantasy,3.0,1.9436506316151,20
fat,2.9,1.7919573407620817,20
fate,3.9,2.4698178070456938,20
father,2.6,2.4129281427805145,20
fear,4.4,2.270584848790187,20
fifteen,1.4,0.9660917830792958,20
fight,4.4,2.3190036174568114,20
figure,3.7,2.4517567397911053,20
file,1.3,0.4830458915396481,20
fireplace,2.1,1.5951314818673865,20
fisherman,2.9,2.5144029554194813,20
flask,2.1,1.7919573407620815,20
flavor,2.0,1.699673171197595,20
fog,1.4,0.6992058987801009,20
food,3.3,2.6267851073127395,20
football,3.3,2.6687491868330793,20
forest,2.3,2.110818693198342,20
form,2.0,1.699673171197595,20
foundation,2.5,2.1213203435596424,20
fountain,1.9,1.286683937707919,20
freedom,5.0,2.211083193570267,20
friendship,3.7,2.1628170930011112,20
frog,1.2,0.42163702135578385,20
frustration,4.6,2.2211108331943574,20
future,2.8,2.3475755815545343,20
gender,2.2,1.9888578520235065,20
genuine,2.7,2.1628170930011112,20
germ,1.1,0.316227766016838,20
gesture,5.3,1.8287822299126943,20
girl,2.5,2.0138409955990952,20
gorilla,1.8,1.8737959096740262,20
grammar,2.9,2.5144029554194813,20
grandmother,1.9,1.911950719959998,20
grass,2.5,2.068278940998476,20
grasshopper,1.4,0.6992058987801009,20
grief,4.1,2.1317702607092643,20
group,3.0,1.9436506316151,20
guess,3.0,2.160246899469287,20
guide,3.8,2.250925735484551,20
guilt,2.9,2.330951164939612,20
gun,1.9,1.286683937707919,20
handkerchief,2.4,1.7126976771553504,20
hat,1.9,1.728840330651992,20
hatred,2.1,1.286683937707919,20
hazard,1.3,0.6749485577105531,20
heap,1.6,0.9660917830792958,20
heart,3.7,2.6687491868330793,20
helmet,2.0,1.699673171197595,20
helplessness,3.0,2.4037008503093262,20
heresy,1.3,0.4830458915396481,20
hierarchy,1.5,0.8498365855987975,20
hobby,4.1,2.4244128727957577,20
hog,1.0,0.0,20
holiday,1.5,1.2692955176439846,20
honesty,3.9,2.4698178070456938,20
hope,4.4,1.6465452046971294,20
horse,2.2,2.0976176963403033,20
hospital,1.2,0.42163702135578385,20
hotel,1.4,0.9660917830792958,20
hurricane,1.4,0.6992058987801009,20
hurt,4.0,2.412140346794021,20
idea,5.0,2.309401076758503,20
identification,3.2,2.097617696340303,20
identity,4.7,2.263232692902394,20
idiom,1.7,1.5670212364724212,20
ignition,1.8,1.3165611772087666,20
ignorance,3.4,2.0655911179772892,20
imagination,5.7,1.8287822299126943,20
immortality,2.4,2.2705848487901865,20
impairment,4.0,2.160246899469287,20
importance,3.2,2.440400695696417,20
impossibility,2.9,1.7288403306519922,20
improvement,5.0,1.9436506316151,20
incentive,4.3,2.1108186931983415,20
inch,2.7,1.8885620632287057,20
incident,2.5,2.0138409955990952,20
income,2.8,2.1499353995462798,20
increase,2.8,1.6865480854231354,20
independence,5.8,1.1352924243950946,20
individual,4.6,2.913569784454954,20
industry,2.0,1.4907119849998598,20
infection,2.1,1.4491376746189437,20
information,3.8,2.440400695696417,20
injury,4.7,2.4517567397911053,20
inn,1.5,1.2692955176439846,20
insight,3.6,2.3190036174568114,20
instance,2.5,1.8408935028645435,20
instinct,4.4,2.4129281427805145,20
institute,1.8,1.4757295747452437,20
instructor,2.6,2.0655911179772892,20
integrity,4.7,2.1628170930011112,20
intelligence,5.2,2.299758441421379,20
intention,3.2,2.250925735484551,20
interaction,5.6,1.6465452046971285,20
interior,1.9,1.4491376746189437,20
interruption,3.8,1.5491933384829666,20
introduction,3.0,1.8856180831641267,20
iron,2.1,1.9692073983655907,20
irony,2.8,2.250925735484551,20
irrigation,2.0,1.632993161855452,20
island,1.9,1.911950719959998,20
issue,2.7,1.8287822299126935,20
itch,3.4,2.590581230363393,20
item,2.3,1.9465068427541912,20
jacket,1.8,1.6193277068654826,20
jerk,2.9,2.282785822435191,20
jewel,1.8,0.9189365834726815,20
job,2.6,1.837873166945363,20
justice,4.4,2.3190036174568114,20
justification,3.8,2.250925735484551,20
key,2.4,1.8973665961010275,20
kindness,3.7,2.7507574714370344,20
kite,1.9,1.66332999331662,20
kitten,1.5,1.2692955176439846,20
knife,2.2,1.6865480854231356,20
knowledge,5.2,2.14993539954628,20
lake,2.6,2.270584848790187,20
lamb,1.2,0.42163702135578385,20
lamp,1.4,0.5163977794943221,20
landscape,1.6,1.2649110640673518,20
lane,1.4,0.9660917830792958,20
latch,1.8,1.3165611772087666,20
laughter,5.1,2.330951164939611,20
laundry,2.3,2.110818693198342,20
law,2.8,2.2997584414213783,20
leader,3.1,2.0789954839350235,20
leadership,3.7,2.2135943621178655,20
legality,2.1,1.5951314818673865,20
lemon,1.7,1.3374935098492586,20
length,1.7,0.9486832980505139,20
lens,1.5,0.97182531580755,20
leopard,1.4,0.9660917830792958,20
lesson,2.3,1.766981104093143,20
lettuce,2.3,1.7029386365926402,20
liar,1.7,0.8232726023485647,20
lightning,1.6,1.2649110640673518,20
lily,1.9,1.728840330651992,20
limitation,3.7,2.4517567397911053,20
line,1.6,0.9660917830792958,20
linen,2.8,2.394437999475729,20
lion,1.3,0.4830458915396481,20
lip,3.2,2.2997584414213783,20
lisp,2.8,2.440400695696417,20
literature,3.2,2.250925735484551,20
lizard,1.5,0.97182531580755,20
loafer,2.1,1.9692073983655907,20
loan,1.8,1.3165611772087666,20
lobster,1.6,1.2649110640673518,20
location,2.7,2.0575065816014617,20
lock,2.6,2.1705094128132942,20
logic,3.5,2.6770630673681683,20
love,4.9,2.378141197564929,20
lunch,2.2,1.6193277068654826,20
macaroni,1.8,1.4757295747452437,20
magic,2.4,1.7126976771553504,20
magnitude,2.4,1.8973665961010275,20
majority,2.0,1.632993161855452,20
malice,1.9,1.3703203194062976,20
mankind,3.4,2.1705094128132942,20
manner,2.8,2.097617696340303,20
mansion,1.8,1.4757295747452437,20
march,2.4,2.1705094128132942,20
margin,2.1,1.66332999331662,20
marriage,2.8,1.9321835661585915,20
master,2.7,1.70293863659264,20
mastery,3.6,1.9550504398153574,20
material,1.8,1.3165611772087666,20
math,2.2,1.8135294011647258,20
mattress,2.3,1.766981104093143,20
measure,2.7,2.0575065816014617,20
medicine,3.4,2.547329756605707,20
meeting,2.1,1.286683937707919,20
member,2.6,1.577621275493231,20
memory,3.4,2.3190036174568114,20
menu,2.0,1.1547005383792515,20
mercy,3.0,1.9436506316151,20
message,3.6,2.270584848790187,20
metaphor,2.5,1.5811388300841898,20
method,2.5,1.8408935028645435,20
microscope,1.6,1.2649110640673518,20
midnight,2.5,2.173067468400883,20
mile,2.0,1.632993161855452,20
mileage,1.6,1.3498971154211057,20
mind,3.5,2.5055493963954847,20
miracle,2.6,1.9550504398153574,20
misery,3.6,2.0655911179772892,20
missile,1.2,0.42163702135578385,20
mold,1.5,0.97182531580755,20
moment,3.2,2.6997942308422114,20
money,3.2,2.394437999475729,20
month,2.0,1.8856180831641267,20
moonlight,2.5,2.4608038433722332,20
moral,3.7,2.5407785333546005,20
mosquito,1.7,1.888562063228706,20
mother,2.3,2.110818693198342,20
mountain,2.4,2.065591117977289,20
mud,1.4,0.6992058987801009,20
murder,3.0,2.788866755113585,20
music,5.2,2.0976176963403037,20
mustard,1.9,1.4491376746189437,20
mystery,1.9,1.5951314818673865,20
myth,2.2,2.2997584414213788,20
name,3.7,2.359378449224852,20
nation,1.7,1.1595018087284057,20
necessity,2.9,2.1317702607092643,20
neck,3.3,2.2135943621178655,20
necklace,2.7,2.0027758514399734,20
neighborhood,1.9,0.9944289260117531,20
nerve,3.3,1.8885620632287057,20
newspaper,1.8,1.4757295747452437,20
nose,2.1,1.3703203194062976,20
number,1.5,0.7071067811865476,20
nurse,1.6,0.9660917830792958,20
object,1.5,0.97182531580755,20
obstruction,1.5,0.8498365855987975,20
occasion,2.7,2.0575065816014617,20
occupation,3.2,2.2997584414213783,20
ocean,2.7,2.359378449224852,20
odor,1.7,1.2516655570345725,20
onion,2.0,1.4142135623730951,20
opera,1.9,1.5951314818673865,20
opinion,4.9,2.282785822435191,20
opponent,1.8,1.0327955589886446,20
opportunity,3.1,2.601281735350223,20
opposition,2.6,1.7763883459298973,20
orchestra,3.5,2.718251071716682,20
orchid,2.0,1.8856180831641267,20
origin,1.9,1.728840330651992,20
originality,4.6,2.547329756605707,20
outcome,3.5,2.5055493963954847,20
outfit,1.9,1.286683937707919,20
oven,1.6,0.6992058987801009,20
owner,1.7,1.0593499054713804,20
ownership,2.0,1.3333333333333333,20
palace,1.5,0.97182531580755,20
paradigm,2.1,1.9692073983655907,20
paragraph,1.7,1.5670212364724212,20
parish,1.2,0.42163702135578385,20
park,2.8,2.250925735484551,20
past,3.4,2.3190036174568114,20
pawn,1.6,1.0749676997731399,20
payment,2.8,1.751190071541826,20
peace,3.6,2.4585451886114367,20
peacemaker,3.1,2.5144029554194813,20
peach,2.5,1.7795130420052185,20
perception,3.7,2.4517567397911053,20
performance,4.5,2.1213203435596424,20
permission,2.5,1.6499158227686108,20
personality,5.3,1.5670212364724219,20
pest,1.1,0.316227766016838,20
phenomenon,2.6,1.7763883459298973,20
philosophy,3.2,2.485513584307633,20
photo,2.3,1.4181364924121764,20
photograph,2.9,2.4244128727957577,20
physics,2.8,2.2997584414213783,20
pie,2.1,2.1317702607092643,20
pig,1.1,0.316227766016838,20
pigeon,1.3,0.6749485577105531,20
pile,1.4,0.9660917830792958,20
pill,1.4,0.6992058987801009,20
pillow,1.9,1.66332999331662,20
pimple,1.7,1.3374935098492586,20
play,4.3,2.1628170930011112,20
poetry,2.3,1.8287822299126937,20
policeman,1.5,0.97182531580755,20
poll,1.5,0.7071067811865476,20
pond,2.1,1.66332999331662,20
pool,3.0,2.309401076758503,20
possibility,2.8,2.5298221281347035,20
potato,1.9,1.5951314818673865,20
prediction,4.7,1.8885620632287057,20
preference,4.0,2.3570226039551585,20
preparation,4.8,2.1499353995462798,20
presence,3.4,2.1705094128132942,20
pretense,2.0,1.3333333333333333,20
principle,4.5,1.7795130420052185,20
produce,3.5,2.3687784005919825,20
production,5.7,1.1595018087284068,20
professor,2.7,2.1628170930011112,20
promotion,2.2,1.8737959096740262,20
proof,2.2,1.3984117975602022,20
prop,1.5,0.5270462766947299,20
propeller,2.1,1.9692073983655907,20
property,1.4,0.6992058987801009,20
proportion,2.5,1.7159383568311668,20
protection,4.7,1.946506842754191,20
psalm,1.7,1.5670212364724212,20
puddle,1.8,1.5491933384829668,20
punishment,3.3,2.263232692902394,20
puppy,2.0,1.632993161855452,20
purpose,4.3,2.263232692902394,20
pyramid,2.0,1.8856180831641267,20
quality,3.3,2.4517567397911053,20
queen,1.6,1.3498971154211057,20
rabbit,1.5,1.2692955176439846,20
radio,1.5,0.7071067811865476,20
rainbow,2.3,2.496664441476534,20
raspberry,2.5,2.0138409955990952,20
real,4.3,2.4060109910158114,20
reality,4.2,2.780887148615228,20
reason,4.2,2.6997942308422114,20
rebel,3.8,1.8135294011647256,20
recital,3.0,2.6246692913372702,20
recognition,3.9,2.5144029554194813,20
record,1.7,1.2516655570345725,20
reduction,2.2,1.7511900715418263,20
reflex,5.3,2.0575065816014626,20
refrigerator,1.8,1.2292725943057183,20
regret,3.6,2.4585451886114367,20
regulation,2.3,2.057506581601462,20
reinforcement,2.2,1.9321835661585918,20
relief,3.5,2.068278940998476,20
rent,2.4,1.837873166945363,20
replacement,2.6,1.577621275493231,20
republic,1.2,0.42163702135578385,20
reputation,3.4,2.6331223544175333,20
requirement,2.2,1.3984117975602022,20
resort,1.6,1.2649110640673518,20
response,4.3,2.3118054512532935,20
responsibility,3.8,2.5298221281347035,20
result,4.6,2.1705094128132942,20
retention,2.3,1.4944341180973264,20
revenge,2.9,1.7288403306519922,20
rhyme,1.4,0.9660917830792958,20
riddle,2.3,1.7029386365926402,20
ring,2.2,1.9321835661585918,20
riot,2.6,2.1705094128132942,20
risk,3.7,1.70293863659264,20
river,3.0,2.3570226039551585,20
road,1.8,1.2292725943057183,20
robbery,2.6,2.503331114069145,20
robin,1.7,1.0593499054713804,20
rocket,1.8,1.6865480854231356,20
roof,1.5,0.97182531580755,20
route,1.6,0.9660917830792958,20
rule,2.2,1.8737959096740262,20
sadness,4.2,1.873795909674026,20
safety,3.8,2.2997584414213783,20
salad,2.6,1.837873166945363,20
salary,2.0,1.632993161855452,20
saloon,1.5,0.97182531580755,20
sanctuary,2.1,1.4491376746189437,20
sandal,2.6,1.8973665961010278,20
satisfaction,3.7,2.1108186931983415,20
scene,1.6,1.2649110640673518,20
scent,3.1,2.2335820757001272,20
scholar,2.6,2.2211108331943574,20
season,1.9,1.66332999331662,20
second,2.4,1.8973665961010275,20
security,4.0,2.0548046676563256,20
sedative,2.8,2.250925735484551,20
segment,2.3,2.057506581601462,20
selection,3.1,2.1832697191750423,20
self,5.1,1.9119507199599977,20
separation,3.1,2.0789954839350235,20
shame,2.7,1.7669811040931427,20
shape,2.0,1.699673171197595,20
shark,1.4,0.6992058987801009,20
shirt,3.1,1.9692073983655907,20
shock,3.6,2.2211108331943574,20
shortness,2.1,2.1317702607092643,20
show,2.3,1.7029386365926402,20
shrimp,1.5,0.97182531580755,20
sight,4.0,1.8257418583505538,20
significance,2.8,2.5298221281347035,20
silence,4.3,2.359378449224852,20
sister,2.7,2.359378449224852,20
site,1.7,1.2516655570345725,20
situation,2.7,1.6363916944844767,20
size,2.2,1.8135294011647258,20
skill,4.4,2.1705094128132942,20
skin,4.5,2.3213980461973533,20
skull,2.4,1.837873166945363,20
skunk,1.9,1.911950719959998,20
sky,2.1,1.66332999331662,20
smell,3.8,2.440400695696417,20
snake,1.6,0.9660917830792958,20
sneeze,3.3,2.2454632624823536,20
snow,2.8,2.485513584307633,20
sofa,2.0,1.699673171197595,20
sole,1.5,0.8498365855987975,20
soul,2.8,2.1499353995462798,20
sow,2.3,2.263232692902394,20
specialist,2.2,1.7511900715418263,20
specimen,1.6,0.9660917830792958,20
speech,4.7,2.1628170930011112,20
spelling,3.7,2.4517567397911053,20
spider,2.0,1.632993161855452,20
spirit,3.8,2.5298221281347035,20
square,1.3,0.4830458915396481,20
squeak,2.8,2.5298221281347035,20
standard,4.5,2.068278940998476,20
stapler,2.0,1.699673171197595,20
starch,1.2,0.42163702135578385,20
state,2.1,1.66332999331662,20
station,1.4,0.5163977794943221,20
steam,1.6,0.9660917830792958,20
stick,1.4,0.9660917830792958,20
stimulus,3.5,2.4608038433722332,20
story,2.5,2.273030282830976,20
stranger,1.9,1.6630662866176473,20
street,1.7,1.2516655570345725,20
stride,5.3,1.7029386365926409,20
student,2.7,1.8287822299126935,20
stupidity,2.1,1.8529256146249728,20
subtraction,1.0,0.0,20
sugar,1.6,1.0749676997731399,20
suggestion,4.4,1.7763883459298973,20
suit,1.5,0.97182531580755,20
summer,2.5,1.90029237516523,20
supply,2.5,2.1213203435596424,20
suspect,3.2,1.9888578520235063,20
sword,1.5,1.2692955176439846,20
synagogue,1.3,0.9486832980505139,20
talent,4.4,2.118699810942761,20
tallness,1.6,1.2649110640673518,20
tax,1.9,1.286683937707919,20
teacher,2.1,1.8529256146249728,20
television,1.9,1.286683937707919,20
temperature,1.5,0.7071067811865476,20
temple,1.5,1.2692955176439846,20
tendency,3.1,2.282785822435191,20
tennis,1.8,1.8737959096740262,20
tension,4.2,2.250925735484551,20
territory,1.7,0.9486832980505139,20
theory,2.7,2.3118054512532935,20
thief,1.4,0.9660917830792958,20
thing,1.9,1.4491376746189437,20
thorn,1.4,0.9660917830792958,20
thought,4.8,2.250925735484551,20
three,2.0,1.699673171197595,20
tide,1.6,1.0749676997731399,20
time,3.5,2.223610677354389,20
tip,1.9,1.5238839267549946,20
toilet,2.0,1.8856180831641267,20
tomato,1.6,0.9660917830792958,20
tongue,3.5,2.6770630673681683,20
tool,1.9,1.3703203194062976,20
topic,2.6,2.011080417199781,20
towel,1.4,0.8432740427115677,20
tradition,3.1,2.2335820757001272,20
tragedy,3.4,2.2211108331943574,20
translation,2.4,1.837873166945363,20
traveler,4.5,2.592724864350674,20
tree,2.2,2.0976176963403033,20
truck,2.6,2.1705094128132942,20
trumpet,1.4,0.6992058987801009,20
trust,5.0,1.5634719199411433,20
truth,3.3,2.6687491868330793,20
tune,3.5,2.5055493963954847,20
twig,1.3,0.6749485577105531,20
typewriter,2.3,2.263232692902394,20
uncertainty,4.2,2.097617696340303,20
uncle,1.8,1.3165611772087666,20
underworld,1.7,1.2516655570345725,20
uniform,2.4,1.837873166945363,20
unit,1.8,1.3165611772087666,20
unity,2.9,2.378141197564929,20
university,2.0,1.7638342073763937,20
value,4.3,2.4517567397911053,20
vapor,1.6,1.2649110640673518,20
variety,2.1,1.9692073983655907,20
verse,2.2,1.8135294011647258,20
victim,2.3,1.9465068427541912,20
view,2.6,2.011080417199781,20
vision,3.4,2.503331114069145,20
visitor,1.9,1.1005049346146119,20
vocabulary,4.9,2.5144029554194813,20
volcano,1.1,0.316227766016838,20
volt,2.3,1.7029386365926402,20
volume,2.5,1.8408935028645435,20
wage,2.5,2.0138409955990952,20
wallet,2.0,1.4907119849998598,20
want,3.5,2.592724864350674,20
waste,2.1,1.5951314818673865,20
water,2.2,1.6193277068654826,20
wave,2.6,2.270584848790187,20
weather,3.3,2.1108186931983415,20
weight,4.2,2.097617696340303,20
willingness,3.9,2.601281735350223,20
window,1.8,1.5491933384829668,20
winter,2.6,2.2211108331943574,20
wisdom,4.8,2.2010098692292237,20
wish,3.4,2.547329756605707,20
witness,3.1,2.0789954839350235,20
wolf,1.5,1.2692955176439846,20
woman,3.3,2.4517567397911053,20
wood,1.8,1.0327955589886446,20
worry,4.4,2.503331114069145,20
writing,4.5,2.173067468400883,20
youth,3.0,2.3570226039551585,20
zoo,1.5,1.2692955176439846,20
